{"cameraMode":{"drawMode":0,"name":"Shaded","section":"Shading Mode"},"sceneLighting":true,"audioPlay":false,"sceneViewState":{"m_AlwaysRefresh":false,"showFog":true,"showSkybox":true,"showFlares":true,"showImageEffects":true,"showParticleSystems":true,"showVisualEffectGraphs":true,"m_FxEnabled":true},"in2DMode":false,"pivot":{"x":4.305307388305664,"y":-6.8144097328186039,"z":-21.533761978149415},"rotation":{"x":0.011027626693248749,"y":0.9793429970741272,"z":-0.1676269769668579,"w":0.12395845353603363},"size":12.567636489868164,"orthographic":false}