{"cameraMode":{"drawMode":0,"name":"Shaded","section":"Shading Mode"},"sceneLighting":true,"audioPlay":false,"sceneViewState":{"m_AlwaysRefresh":false,"showFog":true,"showSkybox":true,"showFlares":true,"showImageEffects":true,"showParticleSystems":true,"showVisualEffectGraphs":true,"m_FxEnabled":true},"in2DMode":false,"pivot":{"x":-0.2630000114440918,"y":0.3124657869338989,"z":0.012999966740608216},"rotation":{"x":-0.0201832614839077,"y":0.9299638867378235,"z":-0.01973774842917919,"w":-0.36972880363464358},"size":0.458780437707901,"orthographic":false}