{"cameraMode":{"drawMode":0,"name":"Shaded","section":"Shading Mode"},"sceneLighting":true,"audioPlay":false,"sceneViewState":{"m_AlwaysRefresh":false,"showFog":true,"showSkybox":true,"showFlares":true,"showImageEffects":true,"showParticleSystems":true,"showVisualEffectGraphs":true,"m_FxEnabled":true},"in2DMode":false,"pivot":{"x":-0.2330625057220459,"y":1.016848087310791,"z":-16.01818084716797},"rotation":{"x":-0.015934636816382409,"y":0.9988894462585449,"z":0.0020000780932605268,"w":0.06257826834917069},"size":8.373526573181153,"orthographic":false}