{"cameraMode":{"drawMode":0,"name":"Shaded","section":"Shading Mode"},"sceneLighting":true,"audioPlay":false,"sceneViewState":{"m_AlwaysRefresh":false,"showFog":true,"showSkybox":true,"showFlares":true,"showImageEffects":true,"showParticleSystems":true,"showVisualEffectGraphs":true,"m_FxEnabled":true},"in2DMode":false,"pivot":{"x":1.0480883121490479,"y":1.8043341636657715,"z":9.55597972869873},"rotation":{"x":-0.0038668354973196985,"y":0.9930734038352966,"z":0.01980544440448284,"w":-0.12016978114843369},"size":1.2408843040466309,"orthographic":false}