{"cameraMode":{"drawMode":0,"name":"Shaded","section":"Shading Mode"},"sceneLighting":true,"audioPlay":false,"sceneViewState":{"m_AlwaysRefresh":false,"showFog":true,"showSkybox":true,"showFlares":true,"showImageEffects":true,"showParticleSystems":true,"showVisualEffectGraphs":true,"m_FxEnabled":true},"in2DMode":false,"pivot":{"x":2.6542224884033205,"y":1.57796311378479,"z":8.818239212036133},"rotation":{"x":-0.001884584897197783,"y":0.9948444366455078,"z":-0.09639019519090653,"w":0.04509306326508522},"size":1.2408843040466309,"orthographic":false}