{"cameraMode":{"drawMode":0,"name":"Shaded","section":"Shading Mode"},"sceneLighting":true,"audioPlay":false,"sceneViewState":{"m_AlwaysRefresh":false,"showFog":true,"showSkybox":true,"showFlares":true,"showImageEffects":true,"showParticleSystems":true,"showVisualEffectGraphs":true,"m_FxEnabled":true},"in2DMode":false,"pivot":{"x":-3.275136947631836,"y":1.6254003047943116,"z":2.2714059352874758},"rotation":{"x":0.00867707934230566,"y":0.38111060857772829,"z":0.014371216297149659,"w":-0.9252379536628723},"size":1.523699402809143,"orthographic":false}