{"cameraMode":{"drawMode":0,"name":"Shaded","section":"Shading Mode"},"sceneLighting":false,"audioPlay":false,"sceneViewState":{"m_AlwaysRefresh":false,"showFog":true,"showSkybox":false,"showFlares":true,"showImageEffects":true,"showParticleSystems":true,"showVisualEffectGraphs":true,"m_FxEnabled":true},"in2DMode":false,"pivot":{"x":0.5937183499336243,"y":-1.571568250656128,"z":3.014416217803955},"rotation":{"x":0.31026002764701846,"y":0.42628368735313418,"z":-0.17182587087154389,"w":0.8331364393234253},"size":3.8870983123779299,"orthographic":false}